{"BD": 0.3087431693989071, "BE": 0.0078125, "BF": 0.0, "BG": 0.01675977653631285, "BA": 0.0078125, "BO": 0.0078125, "JP": 0.0, "BI": null, "BJ": 0.0, "BT": 0.0, "JO": 0.9840637450199203, "BR": 0.42953020134228187, "BY": 0.0078125, "BZ": 0.0078125, "RU": 0.4069767441860465, "RW": null, "RS": 0.0078125, "TL": 0.0, "TJ": 0.007352941176470588, "RO": 0.0078125, "TK": null, "GW": 0.0, "GT": 0.0078125, "GR": 0.41, "GQ": 0.0, "GY": 0.0078125, "GF": 0.0078125, "GE": 0.3253968253968254, "GB": 0.29444444444444445, "GA": 0.0, "GN": 0.0, "GM": 0.0, "GL": 0.0078125, "PH": 0.0, "GH": 0.0, "OM": 0.3253968253968254, "TN": 0.0, "BW": 0.0, "HR": 0.0078125, "HT": 0.0078125, "HU": 0.0078125, "HK": 0.551948051948052, "HN": 0.0078125, "PT": 0.007352941176470588, "PY": 0.0078125, "PA": 0.0078125, "UY": 0.0078125, "PE": 0.0078125, "PK": 0.9840637450199203, "AT": 0.0078125, "PL": 0.01675977653631285, "ZM": 0.0, "EH": 0.0, "EE": 0.0078125, "EG": 0.7264957264957265, "ZA": 0.0, "EC": 0.0078125, "IT": 0.3253968253968254, "AO": 0.0, "KZ": 0.0, "ET": 0.0, "ZW": 0.01675977653631285, "ES": 0.0, "ER": 0.0, "ME": 0.0078125, "MD": 0.0078125, "MG": 0.0, "MA": 0.0, "UZ": 0.007352941176470588, "MM": 0.3087431693989071, "ML": 0.0, "MO": 0.551948051948052, "MN": 0.0, "MH": null, "US": 0.551948051948052, "MW": 0.0, "MR": 0.0, "UG": 0.008097165991902834, "MY": 0.11458333333333333, "MX": 0.05555555555555555, "MZ": 0.0, "PG": 0.0, "FI": 0.0078125, "NI": 0.0078125, "NL": 0.29444444444444445, "NO": 0.0078125, "NA": 0.0, "NE": 0.0, "NG": 0.0, "NZ": 0.0, "NP": 0.0, "CI": 0.0, "CH": 0.0078125, "CO": 0.011764705882352941, "CN": 0.551948051948052, "CM": 0.0, "CL": 0.0078125, "CA": 0.05555555555555555, "CG": 0.0, "CF": 0.0, "CD": 0.01675977653631285, "CZ": 0.0078125, "CR": 0.0078125, "CU": 0.0078125, "SZ": 0.0, "SY": 0.005434782608695652, "Bonaire, Sint Eustatius and Saba": 0.29444444444444445, "KG": 0.007352941176470588, "KE": 0.0, "SR": 0.0078125, "KH": 0.0, "SV": 0.0078125, "SK": 0.0078125, "KR": 0.0, "SI": 0.0078125, "KP": 0.0, "SO": 0.3253968253968254, "SN": 0.0, "SL": 0.0, "SB": null, "SA": 0.5717488789237668, "SE": 0.0078125, "SD": 0.008097165991902834, "DO": 0.0078125, "DJ": null, "DK": 0.01675977653631285, "DE": 0.551948051948052, "YE": 0.47959183673469385, "DZ": 0.008097165991902834, "MK": 0.01675977653631285, "TZ": 0.008097165991902834, "LA": 0.0, "TW": 0.0, "TR": 0.4686192468619247, "LK": 0.36061381074168797, "LV": 0.0078125, "LT": 0.01675977653631285, "TM": 0.005434782608695652, "LR": 0.0, "LS": 0.0, "TH": 0.36061381074168797, "TF": null, "TG": 0.0, "TD": 0.0, "LY": 0.3609022556390977, "AE": 0.5717488789237668, "VE": 0.0078125, "AF": 0.5330490405117271, "IQ": 0.5717488789237668, "IS": 0.0078125, "IR": 0.9840637450199203, "AM": 0.4686192468619247, "AL": 0.01675977653631285, "VN": 0.11458333333333333, "AR": 0.0078125, "AU": 0.0, "IL": null, "IN": 0.6948228882833788, "AZ": 0.005434782608695652, "IE": 0.0078125, "ID": 0.4069767441860465, "UA": 0.01675977653631285, "South Sudan": 0.0}
