{"Canada": 0.05555555555555555, "Turkmenistan": 0.005434782608695652, "Iran, Islamic Republic of": 0.9840637450199203, "Lithuania": 0.01675977653631285, "Cambodia": 0.0, "Ethiopia": 0.0, "Swaziland": 0.0, "Argentina": 0.0078125, "Cameroon": 0.0, "Burkina Faso": 0.0, "Ghana": 0.0, "Saudi Arabia": 0.5717488789237668, "Slovenia": 0.0078125, "Guatemala": 0.0078125, "Bosnia and Herzegovina": 0.0078125, "Russian Federation": 0.4069767441860465, "Jordan": 0.9840637450199203, "Bonaire, Sint Eustatius and Saba": 0.29444444444444445, "Spain": 0.0, "Liberia": 0.0, "Netherlands": 0.29444444444444445, "Oman": 0.3253968253968254, "Greenland": 0.0078125, "French Guiana": 0.0078125, "New Zealand": 0.0, "Yemen": 0.47959183673469385, "Pakistan": 0.9840637450199203, "Albania": 0.01675977653631285, "United Arab Emirates": 0.5717488789237668, "India": 0.6948228882833788, "Azerbaijan": 0.005434782608695652, "Lesotho": 0.0, "Kenya": 0.0, "Macao": 0.551948051948052, "Turkey": 0.4686192468619247, "Afghanistan": 0.5330490405117271, "Czech Republic": 0.0078125, "Mauritania": 0.0, "Solomon Islands": null, "Viet Nam": 0.11458333333333333, "Mongolia": 0.0, "Taiwan, Province of China": 0.0, "Syrian Arab Republic": 0.005434782608695652, "Rwanda": null, "Slovakia": 0.0078125, "Somalia": 0.3253968253968254, "Peru": 0.0078125, "Norway": 0.0078125, "Malawi": 0.0, "Benin": 0.0, "Congo, the Democratic Republic of the": 0.01675977653631285, "Libya": 0.3609022556390977, "Cuba": 0.0078125, "Montenegro": 0.0078125, "Macedonia, the Former Yugoslav Republic of": 0.01675977653631285, "Togo": 0.0, "China": 0.551948051948052, "Armenia": 0.4686192468619247, "Dominican Republic": 0.0078125, "Ukraine": 0.01675977653631285, "Finland": 0.0078125, "Western Sahara": 0.0, "Indonesia": 0.4069767441860465, "Central African Republic": 0.0, "United States": 0.551948051948052, "Sweden": 0.0078125, "Belarus": 0.0078125, "Guyana": 0.0078125, "Mali": 0.0, "Bulgaria": 0.01675977653631285, "Romania": 0.0078125, "Angola": 0.0, "French Southern Territories": null, "Chad": 0.0, "South Africa": 0.0, "Tokelau": null, "Tajikistan": 0.007352941176470588, "Venezuela, Bolivarian Republic of": 0.0078125, "Malaysia": 0.11458333333333333, "Senegal": 0.0, "Mozambique": 0.0, "Uganda": 0.008097165991902834, "Hungary": 0.0078125, "Niger": 0.0, "Brazil": 0.42953020134228187, "Guinea": 0.0, "Panama": 0.0078125, "Korea, Republic of": 0.0, "Costa Rica": 0.0078125, "Ireland": 0.0078125, "Nigeria": 0.0, "Ecuador": 0.0078125, "Bangladesh": 0.3087431693989071, "Australia": 0.0, "Algeria": 0.008097165991902834, "El Salvador": 0.0078125, "Marshall Islands": null, "Chile": 0.0078125, "Belgium": 0.0078125, "Thailand": 0.36061381074168797, "Haiti": 0.0078125, "Iraq": 0.5717488789237668, "Hong Kong": 0.551948051948052, "Sierra Leone": 0.0, "Georgia": 0.3253968253968254, "Lao People's Democratic Republic": 0.0, "Denmark": 0.01675977653631285, "Poland": 0.01675977653631285, "Morocco": 0.0, "Namibia": 0.0, "Guinea-Bissau": 0.0, "Switzerland": 0.0078125, "Belize": 0.0078125, "Tanzania, United Republic of": 0.008097165991902834, "Portugal": 0.007352941176470588, "Estonia": 0.0078125, "Uruguay": 0.0078125, "Mexico": 0.05555555555555555, "Uzbekistan": 0.007352941176470588, "Egypt": 0.7264957264957265, "Djibouti": null, "Timor-Leste": 0.0, "Colombia": 0.011764705882352941, "Burundi": null, "Nicaragua": 0.0078125, "Madagascar": 0.0, "Italy": 0.3253968253968254, "Bhutan": 0.0, "Sudan": 0.008097165991902834, "Bolivia, Plurinational State of": 0.0078125, "Nepal": 0.0, "Suriname": 0.0078125, "Israel": null, "Iceland": 0.0078125, "Zambia": 0.0, "Austria": 0.0078125, "Papua New Guinea": 0.0, "Cote d'Ivoire": 0.0, "Zimbabwe": 0.01675977653631285, "Germany": 0.551948051948052, "Gambia": 0.0, "Kazakhstan": 0.0, "Philippines": 0.0, "Moldova, Republic of": 0.0078125, "Eritrea": 0.0, "Kyrgyzstan": 0.007352941176470588, "Korea, Democratic People's Republic of": 0.0, "Paraguay": 0.0078125, "Latvia": 0.0078125, "South Sudan": 0.0, "Japan": 0.0, "Croatia": 0.0078125, "Honduras": 0.0078125, "Myanmar": 0.3087431693989071, "Equatorial Guinea": 0.0, "Tunisia": 0.0, "Serbia": 0.0078125, "United Kingdom": 0.29444444444444445, "Congo": 0.0, "Greece": 0.41, "Sri Lanka": 0.36061381074168797, "Gabon": 0.0, "Botswana": 0.0}
